title,score,subreddit,num_comments,created
New Zealand beats Coronavirus for the second time with no active community cases as of today.,117056,worldnews,4901,2020-10-07
"Covid-19 vaccine candidate is 90% effective, says manufacturer",104969,worldnews,9335,2020-11-09
Covid nurse death toll now as high as the number of nurses who died during World War One,101344,worldnews,3748,2020-10-31
"Pfizer Vaccine’s Funding Came From Berlin, Not Washington",101220,worldnews,4597,2020-11-10
"‘I’m surprised he’s even heard of us’: Wales hits back after Trump criticises country’s coronavirus response | “I look forward to welcoming Joe Biden here as next president of the United States,” says Plaid Cymru leader",99826,worldnews,2911,2020-10-08
"New Zealand's Deputy Prime Minister shuts down American Covid-19 denier at campaign event: ""We’ve got someone who obviously got an education in America""",89299,worldnews,4477,2020-10-13
Denmark to cull entire 13 million mink herd as new mutation of Covid-19 discovered in mink farms. Mink export is roughly 1% of Denmark's entire GDP.,88455,worldnews,7079,2020-11-04
"Justin Trudeau: Canada-US border will stay closed until US gets COVID-19 under control - ""The U.S. is not in a place where we would feel comfortable reopening those borders. We see the cases in the USA and elsewhere around the world, and we need to continue to keep these border controls in place.""",83548,worldnews,4141,2020-10-15
"Fewer than 4% of adults in Wuhan, China, tested positive for antibodies against COVID-19, putting the possibility of countries developing ""herd immunity"" against the virus without a vaccine in doubt.",73869,worldnews,2401,2020-10-23
Germany hails couch potatoes as heroes of coronavirus pandemic,73416,worldnews,2324,2020-11-15
Coronavirus: France and Germany have announced second national lockdowns,72599,worldnews,7768,2020-10-28
WHO says mutant mink coronavirus outbreak in Denmark is a 'concern',70438,worldnews,3857,2020-11-08
Australia records zero new locally acquired daily cases of coronavirus for first time since June,67213,worldnews,3331,2020-11-01
Coronavirus killing three times more people in the UK than flu and pneumonia combined.,66017,worldnews,2698,2020-10-08
